<?xml version="1.0" ?>
<net batch="1" name="frozen_inference_graph" version="6">
	<layers>
		<layer id="0" name="input_2" precision="FP16" type="Input">
			<output>
				<port id="0">
					<dim>1</dim>
					<dim>1</dim>
					<dim>28</dim>
					<dim>28</dim>
				</port>
			</output>
		</layer>
		<layer id="1" name="conv2d_3/Conv2D" precision="FP16" type="Convolution">
			<data auto_pad="same_upper" dilations="1,1" group="1" kernel="5,5" output="8" pads_begin="2,2" pads_end="2,2" strides="1,1"/>
			<input>
				<port id="0">
					<dim>1</dim>
					<dim>1</dim>
					<dim>28</dim>
					<dim>28</dim>
				</port>
			</input>
			<output>
				<port id="3">
					<dim>1</dim>
					<dim>8</dim>
					<dim>28</dim>
					<dim>28</dim>
				</port>
			</output>
			<blobs>
				<weights offset="0" size="400"/>
				<biases offset="400" size="16"/>
			</blobs>
		</layer>
		<layer id="2" name="conv2d_3/Relu" precision="FP16" type="ReLU">
			<input>
				<port id="0">
					<dim>1</dim>
					<dim>8</dim>
					<dim>28</dim>
					<dim>28</dim>
				</port>
			</input>
			<output>
				<port id="1">
					<dim>1</dim>
					<dim>8</dim>
					<dim>28</dim>
					<dim>28</dim>
				</port>
			</output>
		</layer>
		<layer id="3" name="max_pooling2d_3/MaxPool" precision="FP16" type="Pooling">
			<data auto_pad="same_upper" exclude-pad="true" kernel="5,5" pads_begin="1,1" pads_end="1,1" pool-method="max" strides="5,5"/>
			<input>
				<port id="0">
					<dim>1</dim>
					<dim>8</dim>
					<dim>28</dim>
					<dim>28</dim>
				</port>
			</input>
			<output>
				<port id="1">
					<dim>1</dim>
					<dim>8</dim>
					<dim>6</dim>
					<dim>6</dim>
				</port>
			</output>
		</layer>
		<layer id="4" name="conv2d_4/Conv2D" precision="FP16" type="Convolution">
			<data auto_pad="same_upper" dilations="1,1" group="1" kernel="5,5" output="16" pads_begin="2,2" pads_end="2,2" strides="1,1"/>
			<input>
				<port id="0">
					<dim>1</dim>
					<dim>8</dim>
					<dim>6</dim>
					<dim>6</dim>
				</port>
			</input>
			<output>
				<port id="3">
					<dim>1</dim>
					<dim>16</dim>
					<dim>6</dim>
					<dim>6</dim>
				</port>
			</output>
			<blobs>
				<weights offset="416" size="6400"/>
				<biases offset="6816" size="32"/>
			</blobs>
		</layer>
		<layer id="5" name="conv2d_4/Relu" precision="FP16" type="ReLU">
			<input>
				<port id="0">
					<dim>1</dim>
					<dim>16</dim>
					<dim>6</dim>
					<dim>6</dim>
				</port>
			</input>
			<output>
				<port id="1">
					<dim>1</dim>
					<dim>16</dim>
					<dim>6</dim>
					<dim>6</dim>
				</port>
			</output>
		</layer>
		<layer id="6" name="max_pooling2d_4/MaxPool" precision="FP16" type="Pooling">
			<data auto_pad="same_upper" exclude-pad="true" kernel="5,5" pads_begin="2,2" pads_end="2,2" pool-method="max" strides="5,5"/>
			<input>
				<port id="0">
					<dim>1</dim>
					<dim>16</dim>
					<dim>6</dim>
					<dim>6</dim>
				</port>
			</input>
			<output>
				<port id="1">
					<dim>1</dim>
					<dim>16</dim>
					<dim>2</dim>
					<dim>2</dim>
				</port>
			</output>
		</layer>
		<layer id="7" name="conv2d_5/Conv2D" precision="FP16" type="Convolution">
			<data auto_pad="same_upper" dilations="1,1" group="1" kernel="5,5" output="32" pads_begin="2,2" pads_end="2,2" strides="1,1"/>
			<input>
				<port id="0">
					<dim>1</dim>
					<dim>16</dim>
					<dim>2</dim>
					<dim>2</dim>
				</port>
			</input>
			<output>
				<port id="3">
					<dim>1</dim>
					<dim>32</dim>
					<dim>2</dim>
					<dim>2</dim>
				</port>
			</output>
			<blobs>
				<weights offset="6848" size="25600"/>
				<biases offset="32448" size="64"/>
			</blobs>
		</layer>
		<layer id="8" name="conv2d_5/Relu" precision="FP16" type="ReLU">
			<input>
				<port id="0">
					<dim>1</dim>
					<dim>32</dim>
					<dim>2</dim>
					<dim>2</dim>
				</port>
			</input>
			<output>
				<port id="1">
					<dim>1</dim>
					<dim>32</dim>
					<dim>2</dim>
					<dim>2</dim>
				</port>
			</output>
		</layer>
		<layer id="9" name="max_pooling2d_5/MaxPool" precision="FP16" type="Pooling">
			<data auto_pad="same_upper" exclude-pad="true" kernel="5,5" pads_begin="1,1" pads_end="2,2" pool-method="max" strides="5,5"/>
			<input>
				<port id="0">
					<dim>1</dim>
					<dim>32</dim>
					<dim>2</dim>
					<dim>2</dim>
				</port>
			</input>
			<output>
				<port id="1">
					<dim>1</dim>
					<dim>32</dim>
					<dim>1</dim>
					<dim>1</dim>
				</port>
			</output>
		</layer>
		<layer id="10" name="max_pooling2d_5/MaxPool/Transpose" precision="FP16" type="Permute">
			<data order="0,2,3,1"/>
			<input>
				<port id="0">
					<dim>1</dim>
					<dim>32</dim>
					<dim>1</dim>
					<dim>1</dim>
				</port>
			</input>
			<output>
				<port id="1">
					<dim>1</dim>
					<dim>1</dim>
					<dim>1</dim>
					<dim>32</dim>
				</port>
			</output>
		</layer>
		<layer id="11" name="51/Output_0/Data__const" precision="I32" type="Const">
			<output>
				<port id="1">
					<dim>2</dim>
				</port>
			</output>
			<blobs>
				<custom offset="32512" size="8"/>
			</blobs>
		</layer>
		<layer id="12" name="flatten_1/Reshape" precision="FP16" type="Reshape">
			<input>
				<port id="0">
					<dim>1</dim>
					<dim>1</dim>
					<dim>1</dim>
					<dim>32</dim>
				</port>
				<port id="1">
					<dim>2</dim>
				</port>
			</input>
			<output>
				<port id="2">
					<dim>1</dim>
					<dim>32</dim>
				</port>
			</output>
		</layer>
		<layer id="13" name="dense_2/MatMul" precision="FP16" type="FullyConnected">
			<data out-size="512"/>
			<input>
				<port id="0">
					<dim>1</dim>
					<dim>32</dim>
				</port>
			</input>
			<output>
				<port id="3">
					<dim>1</dim>
					<dim>512</dim>
				</port>
			</output>
			<blobs>
				<weights offset="32520" size="32768"/>
				<biases offset="65288" size="1024"/>
			</blobs>
		</layer>
		<layer id="14" name="dense_2/Relu" precision="FP16" type="ReLU">
			<input>
				<port id="0">
					<dim>1</dim>
					<dim>512</dim>
				</port>
			</input>
			<output>
				<port id="1">
					<dim>1</dim>
					<dim>512</dim>
				</port>
			</output>
		</layer>
		<layer id="15" name="dense_3/MatMul" precision="FP16" type="FullyConnected">
			<data out-size="2"/>
			<input>
				<port id="0">
					<dim>1</dim>
					<dim>512</dim>
				</port>
			</input>
			<output>
				<port id="3">
					<dim>1</dim>
					<dim>2</dim>
				</port>
			</output>
			<blobs>
				<weights offset="66312" size="2048"/>
				<biases offset="68360" size="4"/>
			</blobs>
		</layer>
		<layer id="16" name="dense_3/Softmax" precision="FP16" type="SoftMax">
			<data axis="1"/>
			<input>
				<port id="0">
					<dim>1</dim>
					<dim>2</dim>
				</port>
			</input>
			<output>
				<port id="1">
					<dim>1</dim>
					<dim>2</dim>
				</port>
			</output>
		</layer>
	</layers>
	<edges>
		<edge from-layer="0" from-port="0" to-layer="1" to-port="0"/>
		<edge from-layer="1" from-port="3" to-layer="2" to-port="0"/>
		<edge from-layer="2" from-port="1" to-layer="3" to-port="0"/>
		<edge from-layer="3" from-port="1" to-layer="4" to-port="0"/>
		<edge from-layer="4" from-port="3" to-layer="5" to-port="0"/>
		<edge from-layer="5" from-port="1" to-layer="6" to-port="0"/>
		<edge from-layer="6" from-port="1" to-layer="7" to-port="0"/>
		<edge from-layer="7" from-port="3" to-layer="8" to-port="0"/>
		<edge from-layer="8" from-port="1" to-layer="9" to-port="0"/>
		<edge from-layer="9" from-port="1" to-layer="10" to-port="0"/>
		<edge from-layer="10" from-port="1" to-layer="12" to-port="0"/>
		<edge from-layer="11" from-port="1" to-layer="12" to-port="1"/>
		<edge from-layer="12" from-port="2" to-layer="13" to-port="0"/>
		<edge from-layer="13" from-port="3" to-layer="14" to-port="0"/>
		<edge from-layer="14" from-port="1" to-layer="15" to-port="0"/>
		<edge from-layer="15" from-port="3" to-layer="16" to-port="0"/>
	</edges>
	<meta_data>
		<MO_version value="2019.3.0-408-gac8584cb7"/>
		<cli_parameters>
			<blobs_as_inputs value="False"/>
			<data_type value="FP16"/>
			<disable_nhwc_to_nchw value="False"/>
			<disable_resnet_optimization value="False"/>
			<enable_concat_optimization value="False"/>
			<extensions value="DIR"/>
			<framework value="tf"/>
			<freeze_placeholder_with_value value="{}"/>
			<generate_experimental_IR_V10 value="False"/>
			<input_model value="DIR/frozen_inference_graph.pb"/>
			<input_model_is_text value="False"/>
			<input_shape value="[1,28,28,1]"/>
			<keep_quantize_ops_in_IR value="False"/>
			<keep_shape_ops value="False"/>
			<log_level value="ERROR"/>
			<mean_scale_values value="{}"/>
			<mean_values value="()"/>
			<move_to_preprocess value="False"/>
			<output_dir value="DIR"/>
			<placeholder_shapes value="[ 1 28 28  1]"/>
			<reverse_input_channels value="False"/>
			<scale_values value="()"/>
			<silent value="False"/>
			<steps value="False"/>
			<version value="False"/>
			<unset unset_cli_parameters="batch, disable_fusing, disable_gfusing, finegrain_fusing, generate_deprecated_IR_V2, input, input_checkpoint, input_meta_graph, model_name, output, saved_model_dir, saved_model_tags, scale, tensorboard_logdir, tensorflow_custom_layer_libraries, tensorflow_custom_operations_config_update, tensorflow_object_detection_api_pipeline_config, tensorflow_operation_patterns, tensorflow_subgraph_patterns, tensorflow_use_custom_operations_config"/>
		</cli_parameters>
	</meta_data>
</net>
